,fun,is_original,log10_dt,n,name,times
0,<function <lambda> at 0x7fb2aef4e848>,True,-2.179662e+00,1280,hfd,100
1,<function <lambda> at 0x7fb2aef4e8c0>,False,-2.907198e+00,1280,hfd,100
2,<function <lambda> at 0x7fb2aef4e938>,True,-2.532352e+00,1280,hjorth,100
3,<function <lambda> at 0x7fb2aef4e9b0>,False,-4.098978e+00,1280,hjorth,100
4,<function <lambda> at 0x7fb2aef4ea28>,True,-2.821284e+00,1280,pfd,100
5,<function <lambda> at 0x7fb2aef4eaa0>,False,-2.828449e+00,1280,pfd,100
6,<function <lambda> at 0x7fb2aef4eb18>,True,4.055261e-01,1280,samp_ent,2
7,<function <lambda> at 0x7fb2aef4eb90>,False,-1.104926e+00,1280,samp_ent,10
8,<function <lambda> at 0x7fb2aef4ec08>,True,4.925896e-01,1280,ap_ent,2
9,<function <lambda> at 0x7fb2aef4ec80>,False,-8.708830e-01,1280,ap_ent,10
10,<function <lambda> at 0x7fb2aef4ecf8>,True,-2.745836e+00,1280,svd_ent,10
11,<function <lambda> at 0x7fb2aef4ed70>,False,-4.117931e+00,1280,svd_ent,100
12,<function <lambda> at 0x7fb2aef4ede8>,True,-2.747465e+00,1280,fisher_info,10
13,<function <lambda> at 0x7fb2aef4ee60>,False,-4.079673e+00,1280,fisher_info,100
14,<function <lambda> at 0x7fb2aef4eed8>,True,-3.677635e+00,1280,spectral_entropy,100
15,<function <lambda> at 0x7fb2aef4ef50>,False,-3.727414e+00,1280,spectral_entropy,100
0,<function <lambda> at 0x7fb2aef4e848>,True,-1.891545e+00,2560,hfd,100
1,<function <lambda> at 0x7fb2aef4e8c0>,False,-2.856030e+00,2560,hfd,100
2,<function <lambda> at 0x7fb2aef4e938>,True,-2.245754e+00,2560,hjorth,100
3,<function <lambda> at 0x7fb2aef4e9b0>,False,-4.065093e+00,2560,hjorth,100
4,<function <lambda> at 0x7fb2aef4ea28>,True,-2.529622e+00,2560,pfd,100
5,<function <lambda> at 0x7fb2aef4eaa0>,False,-2.530368e+00,2560,pfd,100
6,<function <lambda> at 0x7fb2aef4eb18>,True,1.006955e+00,2560,samp_ent,2
7,<function <lambda> at 0x7fb2aef4eb90>,False,-6.713273e-01,2560,samp_ent,10
8,<function <lambda> at 0x7fb2aef4ec08>,True,1.083457e+00,2560,ap_ent,2
9,<function <lambda> at 0x7fb2aef4ec80>,False,-2.581518e-01,2560,ap_ent,10
10,<function <lambda> at 0x7fb2aef4ecf8>,True,-2.436769e+00,2560,svd_ent,10
11,<function <lambda> at 0x7fb2aef4ed70>,False,-3.922597e+00,2560,svd_ent,100
12,<function <lambda> at 0x7fb2aef4ede8>,True,-2.448830e+00,2560,fisher_info,10
13,<function <lambda> at 0x7fb2aef4ee60>,False,-3.901773e+00,2560,fisher_info,100
14,<function <lambda> at 0x7fb2aef4eed8>,True,-3.491266e+00,2560,spectral_entropy,100
15,<function <lambda> at 0x7fb2aef4ef50>,False,-3.642597e+00,2560,spectral_entropy,100
0,<function <lambda> at 0x7fb2aef4e848>,True,-1.719628e+00,3840,hfd,100
1,<function <lambda> at 0x7fb2aef4e8c0>,False,-2.798609e+00,3840,hfd,100
2,<function <lambda> at 0x7fb2aef4e938>,True,-2.063658e+00,3840,hjorth,100
3,<function <lambda> at 0x7fb2aef4e9b0>,False,-4.008016e+00,3840,hjorth,100
4,<function <lambda> at 0x7fb2aef4ea28>,True,-2.340598e+00,3840,pfd,100
5,<function <lambda> at 0x7fb2aef4eaa0>,False,-2.350403e+00,3840,pfd,100
6,<function <lambda> at 0x7fb2aef4eb18>,True,1.370557e+00,3840,samp_ent,2
7,<function <lambda> at 0x7fb2aef4eb90>,False,-3.931871e-01,3840,samp_ent,10
8,<function <lambda> at 0x7fb2aef4ec08>,True,1.447346e+00,3840,ap_ent,2
9,<function <lambda> at 0x7fb2aef4ec80>,False,2.030795e-01,3840,ap_ent,10
10,<function <lambda> at 0x7fb2aef4ecf8>,True,-2.268807e+00,3840,svd_ent,10
11,<function <lambda> at 0x7fb2aef4ed70>,False,-3.795336e+00,3840,svd_ent,100
12,<function <lambda> at 0x7fb2aef4ede8>,True,-2.268131e+00,3840,fisher_info,10
13,<function <lambda> at 0x7fb2aef4ee60>,False,-3.784605e+00,3840,fisher_info,100
14,<function <lambda> at 0x7fb2aef4eed8>,True,-3.356292e+00,3840,spectral_entropy,100
15,<function <lambda> at 0x7fb2aef4ef50>,False,-3.578591e+00,3840,spectral_entropy,100
0,<function <lambda> at 0x7fb2aef4e848>,True,-1.591688e+00,5120,hfd,100
1,<function <lambda> at 0x7fb2aef4e8c0>,False,-2.753758e+00,5120,hfd,100
2,<function <lambda> at 0x7fb2aef4e938>,True,-1.933286e+00,5120,hjorth,100
3,<function <lambda> at 0x7fb2aef4e9b0>,False,-3.966610e+00,5120,hjorth,100
4,<function <lambda> at 0x7fb2aef4ea28>,True,-2.221327e+00,5120,pfd,100
5,<function <lambda> at 0x7fb2aef4eaa0>,False,-2.224034e+00,5120,pfd,100
6,<function <lambda> at 0x7fb2aef4eb18>,True,1.617107e+00,5120,samp_ent,2
7,<function <lambda> at 0x7fb2aef4eb90>,False,-1.914054e-01,5120,samp_ent,10
8,<function <lambda> at 0x7fb2aef4ec08>,True,1.694827e+00,5120,ap_ent,2
9,<function <lambda> at 0x7fb2aef4ec80>,False,4.805418e-01,5120,ap_ent,10
10,<function <lambda> at 0x7fb2aef4ecf8>,True,-2.146028e+00,5120,svd_ent,10
11,<function <lambda> at 0x7fb2aef4ed70>,False,-3.704855e+00,5120,svd_ent,100
12,<function <lambda> at 0x7fb2aef4ede8>,True,-2.147045e+00,5120,fisher_info,10
13,<function <lambda> at 0x7fb2aef4ee60>,False,-3.687168e+00,5120,fisher_info,100
14,<function <lambda> at 0x7fb2aef4eed8>,True,-3.253203e+00,5120,spectral_entropy,100
15,<function <lambda> at 0x7fb2aef4ef50>,False,-3.525958e+00,5120,spectral_entropy,100
0,<function <lambda> at 0x7fb2aef4e848>,True,-1.500809e+00,6400,hfd,100
1,<function <lambda> at 0x7fb2aef4e8c0>,False,-2.725935e+00,6400,hfd,100
2,<function <lambda> at 0x7fb2aef4e938>,True,-1.847148e+00,6400,hjorth,100
3,<function <lambda> at 0x7fb2aef4e9b0>,False,-3.937949e+00,6400,hjorth,100
4,<function <lambda> at 0x7fb2aef4ea28>,True,-2.128504e+00,6400,pfd,100
5,<function <lambda> at 0x7fb2aef4eaa0>,False,-2.129049e+00,6400,pfd,100
6,<function <lambda> at 0x7fb2aef4eb18>,True,1.816080e+00,6400,samp_ent,2
7,<function <lambda> at 0x7fb2aef4eb90>,False,-2.604044e-02,6400,samp_ent,10
8,<function <lambda> at 0x7fb2aef4ec08>,True,1.894663e+00,6400,ap_ent,2
9,<function <lambda> at 0x7fb2aef4ec80>,False,6.966192e-01,6400,ap_ent,10
10,<function <lambda> at 0x7fb2aef4ecf8>,True,-2.051866e+00,6400,svd_ent,10
11,<function <lambda> at 0x7fb2aef4ed70>,False,-3.626556e+00,6400,svd_ent,100
12,<function <lambda> at 0x7fb2aef4ede8>,True,-2.050928e+00,6400,fisher_info,10
13,<function <lambda> at 0x7fb2aef4ee60>,False,-3.612343e+00,6400,fisher_info,100
14,<function <lambda> at 0x7fb2aef4eed8>,True,-3.180674e+00,6400,spectral_entropy,100
15,<function <lambda> at 0x7fb2aef4ef50>,False,-3.473660e+00,6400,spectral_entropy,100
0,<function <lambda> at 0x7fb2aef4e848>,True,-1.424161e+00,7680,hfd,100
1,<function <lambda> at 0x7fb2aef4e8c0>,False,-2.692298e+00,7680,hfd,100
2,<function <lambda> at 0x7fb2aef4e938>,True,-1.771154e+00,7680,hjorth,100
3,<function <lambda> at 0x7fb2aef4e9b0>,False,-3.926242e+00,7680,hjorth,100
4,<function <lambda> at 0x7fb2aef4ea28>,True,-2.054573e+00,7680,pfd,100
5,<function <lambda> at 0x7fb2aef4eaa0>,False,-2.054122e+00,7680,pfd,100
6,<function <lambda> at 0x7fb2aef4eb18>,True,1.967203e+00,7680,samp_ent,2
7,<function <lambda> at 0x7fb2aef4eb90>,False,1.088289e-01,7680,samp_ent,10
8,<function <lambda> at 0x7fb2aef4ec08>,True,2.049586e+00,7680,ap_ent,2
9,<function <lambda> at 0x7fb2aef4ec80>,False,8.966608e-01,7680,ap_ent,10
10,<function <lambda> at 0x7fb2aef4ecf8>,True,-1.965917e+00,7680,svd_ent,10
11,<function <lambda> at 0x7fb2aef4ed70>,False,-3.549077e+00,7680,svd_ent,100
12,<function <lambda> at 0x7fb2aef4ede8>,True,-1.966882e+00,7680,fisher_info,10
13,<function <lambda> at 0x7fb2aef4ee60>,False,-3.539043e+00,7680,fisher_info,100
14,<function <lambda> at 0x7fb2aef4eed8>,True,-3.096644e+00,7680,spectral_entropy,100
15,<function <lambda> at 0x7fb2aef4ef50>,False,-3.418697e+00,7680,spectral_entropy,100
0,<function <lambda> at 0x7fb2aef4e848>,True,-2.172560e+00,1280,hfd,100
1,<function <lambda> at 0x7fb2aef4e8c0>,False,-2.911042e+00,1280,hfd,100
2,<function <lambda> at 0x7fb2aef4e938>,True,-2.538811e+00,1280,hjorth,100
3,<function <lambda> at 0x7fb2aef4e9b0>,False,-4.080918e+00,1280,hjorth,100
4,<function <lambda> at 0x7fb2aef4ea28>,True,-2.822911e+00,1280,pfd,100
5,<function <lambda> at 0x7fb2aef4eaa0>,False,-2.825754e+00,1280,pfd,100
6,<function <lambda> at 0x7fb2aef4eb18>,True,4.199605e-01,1280,samp_ent,2
7,<function <lambda> at 0x7fb2aef4eb90>,False,-1.094684e+00,1280,samp_ent,10
8,<function <lambda> at 0x7fb2aef4ec08>,True,4.988542e-01,1280,ap_ent,2
9,<function <lambda> at 0x7fb2aef4ec80>,False,-8.913133e-01,1280,ap_ent,10
10,<function <lambda> at 0x7fb2aef4ecf8>,True,-2.738380e+00,1280,svd_ent,10
11,<function <lambda> at 0x7fb2aef4ed70>,False,-4.109069e+00,1280,svd_ent,100
12,<function <lambda> at 0x7fb2aef4ede8>,True,-2.727094e+00,1280,fisher_info,10
13,<function <lambda> at 0x7fb2aef4ee60>,False,-4.066261e+00,1280,fisher_info,100
14,<function <lambda> at 0x7fb2aef4eed8>,True,-3.668470e+00,1280,spectral_entropy,100
15,<function <lambda> at 0x7fb2aef4ef50>,False,-3.705780e+00,1280,spectral_entropy,100
0,<function <lambda> at 0x7fb2aef4e848>,True,-1.885074e+00,2560,hfd,100
1,<function <lambda> at 0x7fb2aef4e8c0>,False,-2.843145e+00,2560,hfd,100
2,<function <lambda> at 0x7fb2aef4e938>,True,-2.236707e+00,2560,hjorth,100
3,<function <lambda> at 0x7fb2aef4e9b0>,False,-4.050602e+00,2560,hjorth,100
4,<function <lambda> at 0x7fb2aef4ea28>,True,-2.524420e+00,2560,pfd,100
5,<function <lambda> at 0x7fb2aef4eaa0>,False,-2.526509e+00,2560,pfd,100
6,<function <lambda> at 0x7fb2aef4eb18>,True,1.021343e+00,2560,samp_ent,2
7,<function <lambda> at 0x7fb2aef4eb90>,False,-6.623728e-01,2560,samp_ent,10
8,<function <lambda> at 0x7fb2aef4ec08>,True,1.100344e+00,2560,ap_ent,2
9,<function <lambda> at 0x7fb2aef4ec80>,False,-2.439867e-01,2560,ap_ent,10
10,<function <lambda> at 0x7fb2aef4ecf8>,True,-2.437481e+00,2560,svd_ent,10
11,<function <lambda> at 0x7fb2aef4ed70>,False,-3.919738e+00,2560,svd_ent,100
12,<function <lambda> at 0x7fb2aef4ede8>,True,-2.443433e+00,2560,fisher_info,10
13,<function <lambda> at 0x7fb2aef4ee60>,False,-3.899418e+00,2560,fisher_info,100
14,<function <lambda> at 0x7fb2aef4eed8>,True,-3.485930e+00,2560,spectral_entropy,100
15,<function <lambda> at 0x7fb2aef4ef50>,False,-3.629136e+00,2560,spectral_entropy,100
0,<function <lambda> at 0x7fb2aef4e848>,True,-1.711869e+00,3840,hfd,100
1,<function <lambda> at 0x7fb2aef4e8c0>,False,-2.802132e+00,3840,hfd,100
2,<function <lambda> at 0x7fb2aef4e938>,True,-2.065606e+00,3840,hjorth,100
3,<function <lambda> at 0x7fb2aef4e9b0>,False,-4.014433e+00,3840,hjorth,100
4,<function <lambda> at 0x7fb2aef4ea28>,True,-2.349937e+00,3840,pfd,100
5,<function <lambda> at 0x7fb2aef4eaa0>,False,-2.353491e+00,3840,pfd,100
6,<function <lambda> at 0x7fb2aef4eb18>,True,1.372907e+00,3840,samp_ent,2
7,<function <lambda> at 0x7fb2aef4eb90>,False,-3.793906e-01,3840,samp_ent,10
8,<function <lambda> at 0x7fb2aef4ec08>,True,1.449676e+00,3840,ap_ent,2
9,<function <lambda> at 0x7fb2aef4ec80>,False,2.457848e-01,3840,ap_ent,10
10,<function <lambda> at 0x7fb2aef4ecf8>,True,-2.234920e+00,3840,svd_ent,10
11,<function <lambda> at 0x7fb2aef4ed70>,False,-3.779708e+00,3840,svd_ent,100
12,<function <lambda> at 0x7fb2aef4ede8>,True,-2.251060e+00,3840,fisher_info,10
13,<function <lambda> at 0x7fb2aef4ee60>,False,-3.769400e+00,3840,fisher_info,100
14,<function <lambda> at 0x7fb2aef4eed8>,True,-3.352021e+00,3840,spectral_entropy,100
15,<function <lambda> at 0x7fb2aef4ef50>,False,-3.562185e+00,3840,spectral_entropy,100
0,<function <lambda> at 0x7fb2aef4e848>,True,-1.589007e+00,5120,hfd,100
1,<function <lambda> at 0x7fb2aef4e8c0>,False,-2.759968e+00,5120,hfd,100
2,<function <lambda> at 0x7fb2aef4e938>,True,-1.941782e+00,5120,hjorth,100
3,<function <lambda> at 0x7fb2aef4e9b0>,False,-3.982805e+00,5120,hjorth,100
4,<function <lambda> at 0x7fb2aef4ea28>,True,-2.223900e+00,5120,pfd,100
5,<function <lambda> at 0x7fb2aef4eaa0>,False,-2.224795e+00,5120,pfd,100
6,<function <lambda> at 0x7fb2aef4eb18>,True,1.627336e+00,5120,samp_ent,2
7,<function <lambda> at 0x7fb2aef4eb90>,False,-1.873954e-01,5120,samp_ent,10
8,<function <lambda> at 0x7fb2aef4ec08>,True,1.699019e+00,5120,ap_ent,2
9,<function <lambda> at 0x7fb2aef4ec80>,False,5.336104e-01,5120,ap_ent,10
10,<function <lambda> at 0x7fb2aef4ecf8>,True,-2.146325e+00,5120,svd_ent,10
11,<function <lambda> at 0x7fb2aef4ed70>,False,-3.702505e+00,5120,svd_ent,100
12,<function <lambda> at 0x7fb2aef4ede8>,True,-2.145372e+00,5120,fisher_info,10
13,<function <lambda> at 0x7fb2aef4ee60>,False,-3.677635e+00,5120,fisher_info,100
14,<function <lambda> at 0x7fb2aef4eed8>,True,-3.260713e+00,5120,spectral_entropy,100
15,<function <lambda> at 0x7fb2aef4ef50>,False,-3.519404e+00,5120,spectral_entropy,100
0,<function <lambda> at 0x7fb2aef4e848>,True,-1.500198e+00,6400,hfd,100
1,<function <lambda> at 0x7fb2aef4e8c0>,False,-2.723703e+00,6400,hfd,100
2,<function <lambda> at 0x7fb2aef4e938>,True,-1.845764e+00,6400,hjorth,100
3,<function <lambda> at 0x7fb2aef4e9b0>,False,-3.957980e+00,6400,hjorth,100
4,<function <lambda> at 0x7fb2aef4ea28>,True,-2.132242e+00,6400,pfd,100
5,<function <lambda> at 0x7fb2aef4eaa0>,False,-2.130680e+00,6400,pfd,100
6,<function <lambda> at 0x7fb2aef4eb18>,True,1.812377e+00,6400,samp_ent,2
7,<function <lambda> at 0x7fb2aef4eb90>,False,-2.504516e-02,6400,samp_ent,10
8,<function <lambda> at 0x7fb2aef4ec08>,True,1.890593e+00,6400,ap_ent,2
9,<function <lambda> at 0x7fb2aef4ec80>,False,8.244128e-01,6400,ap_ent,10
10,<function <lambda> at 0x7fb2aef4ecf8>,True,-2.047397e+00,6400,svd_ent,10
11,<function <lambda> at 0x7fb2aef4ed70>,False,-3.620312e+00,6400,svd_ent,100
12,<function <lambda> at 0x7fb2aef4ede8>,True,-2.047682e+00,6400,fisher_info,10
13,<function <lambda> at 0x7fb2aef4ee60>,False,-3.606902e+00,6400,fisher_info,100
14,<function <lambda> at 0x7fb2aef4eed8>,True,-3.175009e+00,6400,spectral_entropy,100
15,<function <lambda> at 0x7fb2aef4ef50>,False,-3.473955e+00,6400,spectral_entropy,100
0,<function <lambda> at 0x7fb2aef4e848>,True,-1.421377e+00,7680,hfd,100
1,<function <lambda> at 0x7fb2aef4e8c0>,False,-2.681778e+00,7680,hfd,100
2,<function <lambda> at 0x7fb2aef4e938>,True,-1.767897e+00,7680,hjorth,100
3,<function <lambda> at 0x7fb2aef4e9b0>,False,-3.922017e+00,7680,hjorth,100
4,<function <lambda> at 0x7fb2aef4ea28>,True,-2.049327e+00,7680,pfd,100
5,<function <lambda> at 0x7fb2aef4eaa0>,False,-2.047490e+00,7680,pfd,100
6,<function <lambda> at 0x7fb2aef4eb18>,True,1.971177e+00,7680,samp_ent,2
7,<function <lambda> at 0x7fb2aef4eb90>,False,1.124765e-01,7680,samp_ent,10
8,<function <lambda> at 0x7fb2aef4ec08>,True,2.046866e+00,7680,ap_ent,2
9,<function <lambda> at 0x7fb2aef4ec80>,False,9.813141e-01,7680,ap_ent,10
10,<function <lambda> at 0x7fb2aef4ecf8>,True,-1.967945e+00,7680,svd_ent,10
11,<function <lambda> at 0x7fb2aef4ed70>,False,-3.547737e+00,7680,svd_ent,100
12,<function <lambda> at 0x7fb2aef4ede8>,True,-1.969741e+00,7680,fisher_info,10
13,<function <lambda> at 0x7fb2aef4ee60>,False,-3.542965e+00,7680,fisher_info,100
14,<function <lambda> at 0x7fb2aef4eed8>,True,-3.102819e+00,7680,spectral_entropy,100
15,<function <lambda> at 0x7fb2aef4ef50>,False,-3.422338e+00,7680,spectral_entropy,100
0,<function <lambda> at 0x7fb2aef4e848>,True,-2.177054e+00,1280,hfd,100
1,<function <lambda> at 0x7fb2aef4e8c0>,False,-2.911524e+00,1280,hfd,100
2,<function <lambda> at 0x7fb2aef4e938>,True,-2.542085e+00,1280,hjorth,100
3,<function <lambda> at 0x7fb2aef4e9b0>,False,-4.105636e+00,1280,hjorth,100
4,<function <lambda> at 0x7fb2aef4ea28>,True,-2.828063e+00,1280,pfd,100
5,<function <lambda> at 0x7fb2aef4eaa0>,False,-2.825760e+00,1280,pfd,100
6,<function <lambda> at 0x7fb2aef4eb18>,True,4.105210e-01,1280,samp_ent,2
7,<function <lambda> at 0x7fb2aef4eb90>,False,-1.088611e+00,1280,samp_ent,10
8,<function <lambda> at 0x7fb2aef4ec08>,True,4.880237e-01,1280,ap_ent,2
9,<function <lambda> at 0x7fb2aef4ec80>,False,-8.986269e-01,1280,ap_ent,10
10,<function <lambda> at 0x7fb2aef4ecf8>,True,-2.741458e+00,1280,svd_ent,10
11,<function <lambda> at 0x7fb2aef4ed70>,False,-4.112316e+00,1280,svd_ent,100
12,<function <lambda> at 0x7fb2aef4ede8>,True,-2.743426e+00,1280,fisher_info,10
13,<function <lambda> at 0x7fb2aef4ee60>,False,-4.070065e+00,1280,fisher_info,100
14,<function <lambda> at 0x7fb2aef4eed8>,True,-3.677467e+00,1280,spectral_entropy,100
15,<function <lambda> at 0x7fb2aef4ef50>,False,-3.717058e+00,1280,spectral_entropy,100
0,<function <lambda> at 0x7fb2aef4e848>,True,-1.889137e+00,2560,hfd,100
1,<function <lambda> at 0x7fb2aef4e8c0>,False,-2.853388e+00,2560,hfd,100
2,<function <lambda> at 0x7fb2aef4e938>,True,-2.244525e+00,2560,hjorth,100
3,<function <lambda> at 0x7fb2aef4e9b0>,False,-4.056812e+00,2560,hjorth,100
4,<function <lambda> at 0x7fb2aef4ea28>,True,-2.528615e+00,2560,pfd,100
5,<function <lambda> at 0x7fb2aef4eaa0>,False,-2.527565e+00,2560,pfd,100
6,<function <lambda> at 0x7fb2aef4eb18>,True,1.024081e+00,2560,samp_ent,2
7,<function <lambda> at 0x7fb2aef4eb90>,False,-6.652827e-01,2560,samp_ent,10
8,<function <lambda> at 0x7fb2aef4ec08>,True,1.098047e+00,2560,ap_ent,2
9,<function <lambda> at 0x7fb2aef4ec80>,False,-2.737381e-01,2560,ap_ent,10
10,<function <lambda> at 0x7fb2aef4ecf8>,True,-2.448100e+00,2560,svd_ent,10
11,<function <lambda> at 0x7fb2aef4ed70>,False,-3.928230e+00,2560,svd_ent,100
12,<function <lambda> at 0x7fb2aef4ede8>,True,-2.447151e+00,2560,fisher_info,10
13,<function <lambda> at 0x7fb2aef4ee60>,False,-3.878109e+00,2560,fisher_info,100
14,<function <lambda> at 0x7fb2aef4eed8>,True,-3.491038e+00,2560,spectral_entropy,100
15,<function <lambda> at 0x7fb2aef4ef50>,False,-3.641703e+00,2560,spectral_entropy,100
0,<function <lambda> at 0x7fb2aef4e848>,True,-1.712729e+00,3840,hfd,100
1,<function <lambda> at 0x7fb2aef4e8c0>,False,-2.796505e+00,3840,hfd,100
2,<function <lambda> at 0x7fb2aef4e938>,True,-2.064489e+00,3840,hjorth,100
3,<function <lambda> at 0x7fb2aef4e9b0>,False,-4.007974e+00,3840,hjorth,100
4,<function <lambda> at 0x7fb2aef4ea28>,True,-2.349340e+00,3840,pfd,100
5,<function <lambda> at 0x7fb2aef4eaa0>,False,-2.351913e+00,3840,pfd,100
6,<function <lambda> at 0x7fb2aef4eb18>,True,1.366655e+00,3840,samp_ent,2
7,<function <lambda> at 0x7fb2aef4eb90>,False,-3.903444e-01,3840,samp_ent,10
8,<function <lambda> at 0x7fb2aef4ec08>,True,1.448045e+00,3840,ap_ent,2
9,<function <lambda> at 0x7fb2aef4ec80>,False,2.110353e-01,3840,ap_ent,10
10,<function <lambda> at 0x7fb2aef4ecf8>,True,-2.260894e+00,3840,svd_ent,10
11,<function <lambda> at 0x7fb2aef4ed70>,False,-3.788907e+00,3840,svd_ent,100
12,<function <lambda> at 0x7fb2aef4ede8>,True,-2.257518e+00,3840,fisher_info,10
13,<function <lambda> at 0x7fb2aef4ee60>,False,-3.777990e+00,3840,fisher_info,100
14,<function <lambda> at 0x7fb2aef4eed8>,True,-3.347395e+00,3840,spectral_entropy,100
15,<function <lambda> at 0x7fb2aef4ef50>,False,-3.567852e+00,3840,spectral_entropy,100
0,<function <lambda> at 0x7fb2aef4e848>,True,-1.591037e+00,5120,hfd,100
1,<function <lambda> at 0x7fb2aef4e8c0>,False,-2.756211e+00,5120,hfd,100
2,<function <lambda> at 0x7fb2aef4e938>,True,-1.937535e+00,5120,hjorth,100
3,<function <lambda> at 0x7fb2aef4e9b0>,False,-3.987035e+00,5120,hjorth,100
4,<function <lambda> at 0x7fb2aef4ea28>,True,-2.224612e+00,5120,pfd,100
5,<function <lambda> at 0x7fb2aef4eaa0>,False,-2.222492e+00,5120,pfd,100
6,<function <lambda> at 0x7fb2aef4eb18>,True,1.620579e+00,5120,samp_ent,2
7,<function <lambda> at 0x7fb2aef4eb90>,False,-1.819335e-01,5120,samp_ent,10
8,<function <lambda> at 0x7fb2aef4ec08>,True,1.700339e+00,5120,ap_ent,2
9,<function <lambda> at 0x7fb2aef4ec80>,False,5.849769e-01,5120,ap_ent,10
10,<function <lambda> at 0x7fb2aef4ecf8>,True,-2.139148e+00,5120,svd_ent,10
11,<function <lambda> at 0x7fb2aef4ed70>,False,-3.699820e+00,5120,svd_ent,100
12,<function <lambda> at 0x7fb2aef4ede8>,True,-2.139231e+00,5120,fisher_info,10
13,<function <lambda> at 0x7fb2aef4ee60>,False,-3.687294e+00,5120,fisher_info,100
14,<function <lambda> at 0x7fb2aef4eed8>,True,-3.251077e+00,5120,spectral_entropy,100
15,<function <lambda> at 0x7fb2aef4ef50>,False,-3.518716e+00,5120,spectral_entropy,100
0,<function <lambda> at 0x7fb2aef4e848>,True,-1.496770e+00,6400,hfd,100
1,<function <lambda> at 0x7fb2aef4e8c0>,False,-2.720598e+00,6400,hfd,100
2,<function <lambda> at 0x7fb2aef4e938>,True,-1.844200e+00,6400,hjorth,100
3,<function <lambda> at 0x7fb2aef4e9b0>,False,-3.947927e+00,6400,hjorth,100
4,<function <lambda> at 0x7fb2aef4ea28>,True,-2.123911e+00,6400,pfd,100
5,<function <lambda> at 0x7fb2aef4eaa0>,False,-2.119698e+00,6400,pfd,100
6,<function <lambda> at 0x7fb2aef4eb18>,True,1.818851e+00,6400,samp_ent,2
7,<function <lambda> at 0x7fb2aef4eb90>,False,-2.101603e-02,6400,samp_ent,10
8,<function <lambda> at 0x7fb2aef4ec08>,True,1.897586e+00,6400,ap_ent,2
9,<function <lambda> at 0x7fb2aef4ec80>,False,8.166624e-01,6400,ap_ent,10
10,<function <lambda> at 0x7fb2aef4ecf8>,True,-2.045083e+00,6400,svd_ent,10
11,<function <lambda> at 0x7fb2aef4ed70>,False,-3.619932e+00,6400,svd_ent,100
12,<function <lambda> at 0x7fb2aef4ede8>,True,-2.048332e+00,6400,fisher_info,10
13,<function <lambda> at 0x7fb2aef4ee60>,False,-3.599099e+00,6400,fisher_info,100
14,<function <lambda> at 0x7fb2aef4eed8>,True,-3.178939e+00,6400,spectral_entropy,100
15,<function <lambda> at 0x7fb2aef4ef50>,False,-3.474360e+00,6400,spectral_entropy,100
0,<function <lambda> at 0x7fb2aef4e848>,True,-1.422535e+00,7680,hfd,100
1,<function <lambda> at 0x7fb2aef4e8c0>,False,-2.685537e+00,7680,hfd,100
2,<function <lambda> at 0x7fb2aef4e938>,True,-1.766010e+00,7680,hjorth,100
3,<function <lambda> at 0x7fb2aef4e9b0>,False,-3.924525e+00,7680,hjorth,100
4,<function <lambda> at 0x7fb2aef4ea28>,True,-2.050224e+00,7680,pfd,100
5,<function <lambda> at 0x7fb2aef4eaa0>,False,-2.051206e+00,7680,pfd,100
6,<function <lambda> at 0x7fb2aef4eb18>,True,1.972203e+00,7680,samp_ent,2
7,<function <lambda> at 0x7fb2aef4eb90>,False,1.129361e-01,7680,samp_ent,10
8,<function <lambda> at 0x7fb2aef4ec08>,True,2.048839e+00,7680,ap_ent,2
9,<function <lambda> at 0x7fb2aef4ec80>,False,9.945438e-01,7680,ap_ent,10
10,<function <lambda> at 0x7fb2aef4ecf8>,True,-1.963108e+00,7680,svd_ent,10
11,<function <lambda> at 0x7fb2aef4ed70>,False,-3.552873e+00,7680,svd_ent,100
12,<function <lambda> at 0x7fb2aef4ede8>,True,-1.962785e+00,7680,fisher_info,10
13,<function <lambda> at 0x7fb2aef4ee60>,False,-3.541694e+00,7680,fisher_info,100
14,<function <lambda> at 0x7fb2aef4eed8>,True,-3.100360e+00,7680,spectral_entropy,100
15,<function <lambda> at 0x7fb2aef4ef50>,False,-3.423209e+00,7680,spectral_entropy,100
0,<function <lambda> at 0x7fb2aef4e848>,True,-2.172964e+00,1280,hfd,100
1,<function <lambda> at 0x7fb2aef4e8c0>,False,-2.910071e+00,1280,hfd,100
2,<function <lambda> at 0x7fb2aef4e938>,True,-2.539192e+00,1280,hjorth,100
3,<function <lambda> at 0x7fb2aef4e9b0>,False,-4.097615e+00,1280,hjorth,100
4,<function <lambda> at 0x7fb2aef4ea28>,True,-2.829547e+00,1280,pfd,100
5,<function <lambda> at 0x7fb2aef4eaa0>,False,-2.831208e+00,1280,pfd,100
6,<function <lambda> at 0x7fb2aef4eb18>,True,4.098372e-01,1280,samp_ent,2
7,<function <lambda> at 0x7fb2aef4eb90>,False,-1.087649e+00,1280,samp_ent,10
8,<function <lambda> at 0x7fb2aef4ec08>,True,4.900505e-01,1280,ap_ent,2
9,<function <lambda> at 0x7fb2aef4ec80>,False,-8.973608e-01,1280,ap_ent,10
10,<function <lambda> at 0x7fb2aef4ecf8>,True,-2.731329e+00,1280,svd_ent,10
11,<function <lambda> at 0x7fb2aef4ed70>,False,-4.103870e+00,1280,svd_ent,100
12,<function <lambda> at 0x7fb2aef4ede8>,True,-2.737859e+00,1280,fisher_info,10
13,<function <lambda> at 0x7fb2aef4ee60>,False,-4.067384e+00,1280,fisher_info,100
14,<function <lambda> at 0x7fb2aef4eed8>,True,-3.674487e+00,1280,spectral_entropy,100
15,<function <lambda> at 0x7fb2aef4ef50>,False,-3.717901e+00,1280,spectral_entropy,100
0,<function <lambda> at 0x7fb2aef4e848>,True,-1.887371e+00,2560,hfd,100
1,<function <lambda> at 0x7fb2aef4e8c0>,False,-2.850344e+00,2560,hfd,100
2,<function <lambda> at 0x7fb2aef4e938>,True,-2.245447e+00,2560,hjorth,100
3,<function <lambda> at 0x7fb2aef4e9b0>,False,-4.059238e+00,2560,hjorth,100
4,<function <lambda> at 0x7fb2aef4ea28>,True,-2.527847e+00,2560,pfd,100
5,<function <lambda> at 0x7fb2aef4eaa0>,False,-2.531756e+00,2560,pfd,100
6,<function <lambda> at 0x7fb2aef4eb18>,True,1.018526e+00,2560,samp_ent,2
7,<function <lambda> at 0x7fb2aef4eb90>,False,-6.626502e-01,2560,samp_ent,10
8,<function <lambda> at 0x7fb2aef4ec08>,True,1.099251e+00,2560,ap_ent,2
9,<function <lambda> at 0x7fb2aef4ec80>,False,-2.802920e-01,2560,ap_ent,10
10,<function <lambda> at 0x7fb2aef4ecf8>,True,-2.439675e+00,2560,svd_ent,10
11,<function <lambda> at 0x7fb2aef4ed70>,False,-3.919807e+00,2560,svd_ent,100
12,<function <lambda> at 0x7fb2aef4ede8>,True,-2.443625e+00,2560,fisher_info,10
13,<function <lambda> at 0x7fb2aef4ee60>,False,-3.896022e+00,2560,fisher_info,100
14,<function <lambda> at 0x7fb2aef4eed8>,True,-3.491834e+00,2560,spectral_entropy,100
15,<function <lambda> at 0x7fb2aef4ef50>,False,-3.639047e+00,2560,spectral_entropy,100
0,<function <lambda> at 0x7fb2aef4e848>,True,-1.717515e+00,3840,hfd,100
1,<function <lambda> at 0x7fb2aef4e8c0>,False,-2.803429e+00,3840,hfd,100
2,<function <lambda> at 0x7fb2aef4e938>,True,-2.068039e+00,3840,hjorth,100
3,<function <lambda> at 0x7fb2aef4e9b0>,False,-4.020958e+00,3840,hjorth,100
4,<function <lambda> at 0x7fb2aef4ea28>,True,-2.354077e+00,3840,pfd,100
5,<function <lambda> at 0x7fb2aef4eaa0>,False,-2.355046e+00,3840,pfd,100
6,<function <lambda> at 0x7fb2aef4eb18>,True,1.365221e+00,3840,samp_ent,2
7,<function <lambda> at 0x7fb2aef4eb90>,False,-3.907158e-01,3840,samp_ent,10
8,<function <lambda> at 0x7fb2aef4ec08>,True,1.442032e+00,3840,ap_ent,2
9,<function <lambda> at 0x7fb2aef4ec80>,False,1.982342e-01,3840,ap_ent,10
10,<function <lambda> at 0x7fb2aef4ecf8>,True,-2.270051e+00,3840,svd_ent,10
11,<function <lambda> at 0x7fb2aef4ed70>,False,-3.798436e+00,3840,svd_ent,100
12,<function <lambda> at 0x7fb2aef4ede8>,True,-2.271509e+00,3840,fisher_info,10
13,<function <lambda> at 0x7fb2aef4ee60>,False,-3.784788e+00,3840,fisher_info,100
14,<function <lambda> at 0x7fb2aef4eed8>,True,-3.359986e+00,3840,spectral_entropy,100
15,<function <lambda> at 0x7fb2aef4ef50>,False,-3.578183e+00,3840,spectral_entropy,100
0,<function <lambda> at 0x7fb2aef4e848>,True,-1.595368e+00,5120,hfd,100
1,<function <lambda> at 0x7fb2aef4e8c0>,False,-2.760605e+00,5120,hfd,100
2,<function <lambda> at 0x7fb2aef4e938>,True,-1.942362e+00,5120,hjorth,100
3,<function <lambda> at 0x7fb2aef4e9b0>,False,-3.980423e+00,5120,hjorth,100
4,<function <lambda> at 0x7fb2aef4ea28>,True,-2.230313e+00,5120,pfd,100
5,<function <lambda> at 0x7fb2aef4eaa0>,False,-2.229124e+00,5120,pfd,100
6,<function <lambda> at 0x7fb2aef4eb18>,True,1.622089e+00,5120,samp_ent,2
7,<function <lambda> at 0x7fb2aef4eb90>,False,-1.879631e-01,5120,samp_ent,10
8,<function <lambda> at 0x7fb2aef4ec08>,True,1.701793e+00,5120,ap_ent,2
9,<function <lambda> at 0x7fb2aef4ec80>,False,5.733691e-01,5120,ap_ent,10
10,<function <lambda> at 0x7fb2aef4ecf8>,True,-2.146794e+00,5120,svd_ent,10
11,<function <lambda> at 0x7fb2aef4ed70>,False,-3.696503e+00,5120,svd_ent,100
12,<function <lambda> at 0x7fb2aef4ede8>,True,-2.146265e+00,5120,fisher_info,10
13,<function <lambda> at 0x7fb2aef4ee60>,False,-3.685860e+00,5120,fisher_info,100
14,<function <lambda> at 0x7fb2aef4eed8>,True,-3.261266e+00,5120,spectral_entropy,100
15,<function <lambda> at 0x7fb2aef4ef50>,False,-3.529855e+00,5120,spectral_entropy,100
0,<function <lambda> at 0x7fb2aef4e848>,True,-1.500070e+00,6400,hfd,100
1,<function <lambda> at 0x7fb2aef4e8c0>,False,-2.722620e+00,6400,hfd,100
2,<function <lambda> at 0x7fb2aef4e938>,True,-1.844896e+00,6400,hjorth,100
3,<function <lambda> at 0x7fb2aef4e9b0>,False,-3.956554e+00,6400,hjorth,100
4,<function <lambda> at 0x7fb2aef4ea28>,True,-2.128102e+00,6400,pfd,100
5,<function <lambda> at 0x7fb2aef4eaa0>,False,-2.129149e+00,6400,pfd,100
6,<function <lambda> at 0x7fb2aef4eb18>,True,1.818743e+00,6400,samp_ent,2
7,<function <lambda> at 0x7fb2aef4eb90>,False,-6.000787e-03,6400,samp_ent,10
8,<function <lambda> at 0x7fb2aef4ec08>,True,1.906138e+00,6400,ap_ent,2
9,<function <lambda> at 0x7fb2aef4ec80>,False,8.046112e-01,6400,ap_ent,10
10,<function <lambda> at 0x7fb2aef4ecf8>,True,-2.035468e+00,6400,svd_ent,10
11,<function <lambda> at 0x7fb2aef4ed70>,False,-3.615578e+00,6400,svd_ent,100
12,<function <lambda> at 0x7fb2aef4ede8>,True,-2.044740e+00,6400,fisher_info,10
13,<function <lambda> at 0x7fb2aef4ee60>,False,-3.602178e+00,6400,fisher_info,100
14,<function <lambda> at 0x7fb2aef4eed8>,True,-3.173374e+00,6400,spectral_entropy,100
15,<function <lambda> at 0x7fb2aef4ef50>,False,-3.470763e+00,6400,spectral_entropy,100
0,<function <lambda> at 0x7fb2aef4e848>,True,-1.414964e+00,7680,hfd,100
1,<function <lambda> at 0x7fb2aef4e8c0>,False,-2.663977e+00,7680,hfd,100
2,<function <lambda> at 0x7fb2aef4e938>,True,-1.761486e+00,7680,hjorth,100
3,<function <lambda> at 0x7fb2aef4e9b0>,False,-3.923030e+00,7680,hjorth,100
4,<function <lambda> at 0x7fb2aef4ea28>,True,-2.048325e+00,7680,pfd,100
5,<function <lambda> at 0x7fb2aef4eaa0>,False,-2.051882e+00,7680,pfd,100
6,<function <lambda> at 0x7fb2aef4eb18>,True,1.970542e+00,7680,samp_ent,2
7,<function <lambda> at 0x7fb2aef4eb90>,False,1.062072e-01,7680,samp_ent,10
8,<function <lambda> at 0x7fb2aef4ec08>,True,2.048472e+00,7680,ap_ent,2
9,<function <lambda> at 0x7fb2aef4ec80>,False,9.757947e-01,7680,ap_ent,10
10,<function <lambda> at 0x7fb2aef4ecf8>,True,-1.975063e+00,7680,svd_ent,10
11,<function <lambda> at 0x7fb2aef4ed70>,False,-3.557974e+00,7680,svd_ent,100
12,<function <lambda> at 0x7fb2aef4ede8>,True,-1.973631e+00,7680,fisher_info,10
13,<function <lambda> at 0x7fb2aef4ee60>,False,-3.544867e+00,7680,fisher_info,100
14,<function <lambda> at 0x7fb2aef4eed8>,True,-3.106033e+00,7680,spectral_entropy,100
15,<function <lambda> at 0x7fb2aef4ef50>,False,-3.427499e+00,7680,spectral_entropy,100
0,<function <lambda> at 0x7fb2aef4e848>,True,-2.181101e+00,1280,hfd,100
1,<function <lambda> at 0x7fb2aef4e8c0>,False,-2.920335e+00,1280,hfd,100
2,<function <lambda> at 0x7fb2aef4e938>,True,-2.545267e+00,1280,hjorth,100
3,<function <lambda> at 0x7fb2aef4e9b0>,False,-4.107847e+00,1280,hjorth,100
4,<function <lambda> at 0x7fb2aef4ea28>,True,-2.831161e+00,1280,pfd,100
5,<function <lambda> at 0x7fb2aef4eaa0>,False,-2.830616e+00,1280,pfd,100
6,<function <lambda> at 0x7fb2aef4eb18>,True,4.065510e-01,1280,samp_ent,2
7,<function <lambda> at 0x7fb2aef4eb90>,False,-1.102669e+00,1280,samp_ent,10
8,<function <lambda> at 0x7fb2aef4ec08>,True,4.880503e-01,1280,ap_ent,2
9,<function <lambda> at 0x7fb2aef4ec80>,False,-8.942869e-01,1280,ap_ent,10
10,<function <lambda> at 0x7fb2aef4ecf8>,True,-2.743186e+00,1280,svd_ent,10
11,<function <lambda> at 0x7fb2aef4ed70>,False,-4.111713e+00,1280,svd_ent,100
12,<function <lambda> at 0x7fb2aef4ede8>,True,-2.739544e+00,1280,fisher_info,10
13,<function <lambda> at 0x7fb2aef4ee60>,False,-4.069518e+00,1280,fisher_info,100
14,<function <lambda> at 0x7fb2aef4eed8>,True,-3.677861e+00,1280,spectral_entropy,100
15,<function <lambda> at 0x7fb2aef4ef50>,False,-3.720102e+00,1280,spectral_entropy,100
0,<function <lambda> at 0x7fb2aef4e848>,True,-1.889386e+00,2560,hfd,100
1,<function <lambda> at 0x7fb2aef4e8c0>,False,-2.854064e+00,2560,hfd,100
2,<function <lambda> at 0x7fb2aef4e938>,True,-2.243392e+00,2560,hjorth,100
3,<function <lambda> at 0x7fb2aef4e9b0>,False,-4.060784e+00,2560,hjorth,100
4,<function <lambda> at 0x7fb2aef4ea28>,True,-2.531141e+00,2560,pfd,100
5,<function <lambda> at 0x7fb2aef4eaa0>,False,-2.533476e+00,2560,pfd,100
6,<function <lambda> at 0x7fb2aef4eb18>,True,1.017938e+00,2560,samp_ent,2
7,<function <lambda> at 0x7fb2aef4eb90>,False,-6.640217e-01,2560,samp_ent,10
8,<function <lambda> at 0x7fb2aef4ec08>,True,1.097125e+00,2560,ap_ent,2
9,<function <lambda> at 0x7fb2aef4ec80>,False,-2.784790e-01,2560,ap_ent,10
10,<function <lambda> at 0x7fb2aef4ecf8>,True,-2.446288e+00,2560,svd_ent,10
11,<function <lambda> at 0x7fb2aef4ed70>,False,-3.930704e+00,2560,svd_ent,100
12,<function <lambda> at 0x7fb2aef4ede8>,True,-2.445473e+00,2560,fisher_info,10
13,<function <lambda> at 0x7fb2aef4ee60>,False,-3.901352e+00,2560,fisher_info,100
14,<function <lambda> at 0x7fb2aef4eed8>,True,-3.491067e+00,2560,spectral_entropy,100
15,<function <lambda> at 0x7fb2aef4ef50>,False,-3.644205e+00,2560,spectral_entropy,100
0,<function <lambda> at 0x7fb2aef4e848>,True,-1.716657e+00,3840,hfd,100
1,<function <lambda> at 0x7fb2aef4e8c0>,False,-2.802491e+00,3840,hfd,100
2,<function <lambda> at 0x7fb2aef4e938>,True,-2.065974e+00,3840,hjorth,100
3,<function <lambda> at 0x7fb2aef4e9b0>,False,-4.024888e+00,3840,hjorth,100
4,<function <lambda> at 0x7fb2aef4ea28>,True,-2.352380e+00,3840,pfd,100
5,<function <lambda> at 0x7fb2aef4eaa0>,False,-2.351735e+00,3840,pfd,100
6,<function <lambda> at 0x7fb2aef4eb18>,True,1.367014e+00,3840,samp_ent,2
7,<function <lambda> at 0x7fb2aef4eb90>,False,-3.916807e-01,3840,samp_ent,10
8,<function <lambda> at 0x7fb2aef4ec08>,True,1.444857e+00,3840,ap_ent,2
9,<function <lambda> at 0x7fb2aef4ec80>,False,3.738581e-01,3840,ap_ent,10
10,<function <lambda> at 0x7fb2aef4ecf8>,True,-2.262394e+00,3840,svd_ent,10
11,<function <lambda> at 0x7fb2aef4ed70>,False,-3.796235e+00,3840,svd_ent,100
12,<function <lambda> at 0x7fb2aef4ede8>,True,-2.262227e+00,3840,fisher_info,10
13,<function <lambda> at 0x7fb2aef4ee60>,False,-3.771910e+00,3840,fisher_info,100
14,<function <lambda> at 0x7fb2aef4eed8>,True,-3.351962e+00,3840,spectral_entropy,100
15,<function <lambda> at 0x7fb2aef4ef50>,False,-3.566197e+00,3840,spectral_entropy,100
0,<function <lambda> at 0x7fb2aef4e848>,True,-1.591597e+00,5120,hfd,100
1,<function <lambda> at 0x7fb2aef4e8c0>,False,-2.758805e+00,5120,hfd,100
2,<function <lambda> at 0x7fb2aef4e938>,True,-1.942702e+00,5120,hjorth,100
3,<function <lambda> at 0x7fb2aef4e9b0>,False,-3.991531e+00,5120,hjorth,100
4,<function <lambda> at 0x7fb2aef4ea28>,True,-2.227592e+00,5120,pfd,100
5,<function <lambda> at 0x7fb2aef4eaa0>,False,-2.226955e+00,5120,pfd,100
6,<function <lambda> at 0x7fb2aef4eb18>,True,1.618822e+00,5120,samp_ent,2
7,<function <lambda> at 0x7fb2aef4eb90>,False,-1.806792e-01,5120,samp_ent,10
8,<function <lambda> at 0x7fb2aef4ec08>,True,1.698839e+00,5120,ap_ent,2
9,<function <lambda> at 0x7fb2aef4ec80>,False,6.792691e-01,5120,ap_ent,10
10,<function <lambda> at 0x7fb2aef4ecf8>,True,-2.140723e+00,5120,svd_ent,10
11,<function <lambda> at 0x7fb2aef4ed70>,False,-3.701171e+00,5120,svd_ent,100
12,<function <lambda> at 0x7fb2aef4ede8>,True,-2.145087e+00,5120,fisher_info,10
13,<function <lambda> at 0x7fb2aef4ee60>,False,-3.688864e+00,5120,fisher_info,100
14,<function <lambda> at 0x7fb2aef4eed8>,True,-3.259259e+00,5120,spectral_entropy,100
15,<function <lambda> at 0x7fb2aef4ef50>,False,-3.527375e+00,5120,spectral_entropy,100
0,<function <lambda> at 0x7fb2aef4e848>,True,-1.498488e+00,6400,hfd,100
1,<function <lambda> at 0x7fb2aef4e8c0>,False,-2.713807e+00,6400,hfd,100
2,<function <lambda> at 0x7fb2aef4e938>,True,-1.832754e+00,6400,hjorth,100
3,<function <lambda> at 0x7fb2aef4e9b0>,False,-3.948571e+00,6400,hjorth,100
4,<function <lambda> at 0x7fb2aef4ea28>,True,-2.124586e+00,6400,pfd,100
5,<function <lambda> at 0x7fb2aef4eaa0>,False,-2.126296e+00,6400,pfd,100
6,<function <lambda> at 0x7fb2aef4eb18>,True,1.813599e+00,6400,samp_ent,2
7,<function <lambda> at 0x7fb2aef4eb90>,False,-2.523250e-02,6400,samp_ent,10
8,<function <lambda> at 0x7fb2aef4ec08>,True,1.890581e+00,6400,ap_ent,2
9,<function <lambda> at 0x7fb2aef4ec80>,False,8.765131e-01,6400,ap_ent,10
10,<function <lambda> at 0x7fb2aef4ecf8>,True,-2.042297e+00,6400,svd_ent,10
11,<function <lambda> at 0x7fb2aef4ed70>,False,-3.614324e+00,6400,svd_ent,100
12,<function <lambda> at 0x7fb2aef4ede8>,True,-2.049275e+00,6400,fisher_info,10
13,<function <lambda> at 0x7fb2aef4ee60>,False,-3.609064e+00,6400,fisher_info,100
14,<function <lambda> at 0x7fb2aef4eed8>,True,-3.178028e+00,6400,spectral_entropy,100
15,<function <lambda> at 0x7fb2aef4ef50>,False,-3.472887e+00,6400,spectral_entropy,100
0,<function <lambda> at 0x7fb2aef4e848>,True,-1.420307e+00,7680,hfd,100
1,<function <lambda> at 0x7fb2aef4e8c0>,False,-2.688102e+00,7680,hfd,100
2,<function <lambda> at 0x7fb2aef4e938>,True,-1.768728e+00,7680,hjorth,100
3,<function <lambda> at 0x7fb2aef4e9b0>,False,-3.922554e+00,7680,hjorth,100
4,<function <lambda> at 0x7fb2aef4ea28>,True,-2.051294e+00,7680,pfd,100
5,<function <lambda> at 0x7fb2aef4eaa0>,False,-2.051141e+00,7680,pfd,100
6,<function <lambda> at 0x7fb2aef4eb18>,True,2.002185e+00,7680,samp_ent,2
7,<function <lambda> at 0x7fb2aef4eb90>,False,1.151685e-01,7680,samp_ent,10
8,<function <lambda> at 0x7fb2aef4ec08>,True,2.057264e+00,7680,ap_ent,2
9,<function <lambda> at 0x7fb2aef4ec80>,False,1.044343e+00,7680,ap_ent,10
10,<function <lambda> at 0x7fb2aef4ecf8>,True,-1.964315e+00,7680,svd_ent,10
11,<function <lambda> at 0x7fb2aef4ed70>,False,-3.547536e+00,7680,svd_ent,100
12,<function <lambda> at 0x7fb2aef4ede8>,True,-1.966705e+00,7680,fisher_info,10
13,<function <lambda> at 0x7fb2aef4ee60>,False,-3.540004e+00,7680,fisher_info,100
14,<function <lambda> at 0x7fb2aef4eed8>,True,-3.095994e+00,7680,spectral_entropy,100
15,<function <lambda> at 0x7fb2aef4ef50>,False,-3.417358e+00,7680,spectral_entropy,100
